measure_name,datum,state_id,state_name
% of women aged 18-49 using contraceptives,71.50,AL,Alabama
% of women aged 18-49 using contraceptives,76.50,AK,Alaska
% of women aged 18-49 using contraceptives,64.20,AZ,Arizona
% of women aged 18-49 using contraceptives,n/a,AR,Arkansas
% of women aged 18-49 using contraceptives,72.00,CA,California
% of women aged 18-49 using contraceptives,n/a,CO,Colorado
% of women aged 18-49 using contraceptives,68.80,CT,Connecticut
% of women aged 18-49 using contraceptives,62.50,DE,Delaware
% of women aged 18-49 using contraceptives,65.50,DC,District of Columbia
% of women aged 18-49 using contraceptives,67.90,FL,Florida
% of women aged 18-49 using contraceptives,64.80,GA,Georgia
% of women aged 18-49 using contraceptives,61.80,HI,Hawaii
% of women aged 18-49 using contraceptives,73.80,ID,Idaho
% of women aged 18-49 using contraceptives,n/a,IL,Illinois
% of women aged 18-49 using contraceptives,72.00,IN,Indiana
% of women aged 18-49 using contraceptives,74.70,IA,Iowa
% of women aged 18-49 using contraceptives,72.40,KS,Kansas
% of women aged 18-49 using contraceptives,n/a,KY,Kentucky
% of women aged 18-49 using contraceptives,70.90,LA,Louisiana
% of women aged 18-49 using contraceptives,78.00,ME,Maine
% of women aged 18-49 using contraceptives,72.10,MD,Maryland
% of women aged 18-49 using contraceptives,72.10,MA,Massachusetts
% of women aged 18-49 using contraceptives,n/a,MI,Michigan
% of women aged 18-49 using contraceptives,70.10,MN,Minnesota
% of women aged 18-49 using contraceptives,65.50,MS,Mississippi
% of women aged 18-49 using contraceptives,69.10,MO,Missouri
% of women aged 18-49 using contraceptives,n/a,MT,Montana
% of women aged 18-49 using contraceptives,67.90,NE,Nebraska
% of women aged 18-49 using contraceptives,68.40,NV,Nevada
% of women aged 18-49 using contraceptives,n/a,NH,New Hampshire
% of women aged 18-49 using contraceptives,67.50,NJ,New Jersey
% of women aged 18-49 using contraceptives,73.90,NM,New Mexico
% of women aged 18-49 using contraceptives,68.30,NY,New York
% of women aged 18-49 using contraceptives,73.80,NC,North Carolina
% of women aged 18-49 using contraceptives,n/a,ND,North Dakota
% of women aged 18-49 using contraceptives,65.70,OH,Ohio
% of women aged 18-49 using contraceptives,70.00,OK,Oklahoma
% of women aged 18-49 using contraceptives,77.70,OR,Oregon
% of women aged 18-49 using contraceptives,76.10,PA,Pennsylvania
% of women aged 18-49 using contraceptives,n/a,RI,Rhode Island
% of women aged 18-49 using contraceptives,72.20,SC,South Carolina
% of women aged 18-49 using contraceptives,72.40,SD,South Dakota
% of women aged 18-49 using contraceptives,n/a,TN,Tennessee
% of women aged 18-49 using contraceptives,63.10,TX,Texas
% of women aged 18-49 using contraceptives,74.90,UT,Utah
% of women aged 18-49 using contraceptives,n/a,VT,Vermont
% of women aged 18-49 using contraceptives,71.30,VA,Virginia
% of women aged 18-49 using contraceptives,n/a,WA,Washington
% of women aged 18-49 using contraceptives,70.20,WV,West Virginia
% of women aged 18-49 using contraceptives,67.10,WI,Wisconsin
% of women aged 18-49 using contraceptives,75.40,WY,Wyoming
% of women at risk of unintended pregnancy using contraception,75.90,AL,Alabama
% of women at risk of unintended pregnancy using contraception,82.70,AK,Alaska
% of women at risk of unintended pregnancy using contraception,67.40,AZ,Arizona
% of women at risk of unintended pregnancy using contraception,n/a,AR,Arkansas
% of women at risk of unintended pregnancy using contraception,76.60,CA,California
% of women at risk of unintended pregnancy using contraception,n/a,CO,Colorado
% of women at risk of unintended pregnancy using contraception,72.80,CT,Connecticut
% of women at risk of unintended pregnancy using contraception,66.20,DE,Delaware
% of women at risk of unintended pregnancy using contraception,71.10,DC,District of Columbia
% of women at risk of unintended pregnancy using contraception,72.60,FL,Florida
% of women at risk of unintended pregnancy using contraception,68.50,GA,Georgia
% of women at risk of unintended pregnancy using contraception,69.20,HI,Hawaii
% of women at risk of unintended pregnancy using contraception,77.50,ID,Idaho
% of women at risk of unintended pregnancy using contraception,n/a,IL,Illinois
% of women at risk of unintended pregnancy using contraception,76.70,IN,Indiana
% of women at risk of unintended pregnancy using contraception,78.60,IA,Iowa
% of women at risk of unintended pregnancy using contraception,75.60,KS,Kansas
% of women at risk of unintended pregnancy using contraception,n/a,KY,Kentucky
% of women at risk of unintended pregnancy using contraception,71.40,LA,Louisiana
% of women at risk of unintended pregnancy using contraception,84.10,ME,Maine
% of women at risk of unintended pregnancy using contraception,74.40,MD,Maryland
% of women at risk of unintended pregnancy using contraception,78.20,MA,Massachusetts
% of women at risk of unintended pregnancy using contraception,n/a,MI,Michigan
% of women at risk of unintended pregnancy using contraception,73.70,MN,Minnesota
% of women at risk of unintended pregnancy using contraception,71.90,MS,Mississippi
% of women at risk of unintended pregnancy using contraception,75.10,MO,Missouri
% of women at risk of unintended pregnancy using contraception,n/a,MT,Montana
% of women at risk of unintended pregnancy using contraception,71.50,NE,Nebraska
% of women at risk of unintended pregnancy using contraception,74.50,NV,Nevada
% of women at risk of unintended pregnancy using contraception,n/a,NH,New Hampshire
% of women at risk of unintended pregnancy using contraception,72.10,NJ,New Jersey
% of women at risk of unintended pregnancy using contraception,80.40,NM,New Mexico
% of women at risk of unintended pregnancy using contraception,75.60,NY,New York
% of women at risk of unintended pregnancy using contraception,77.20,NC,North Carolina
% of women at risk of unintended pregnancy using contraception,n/a,ND,North Dakota
% of women at risk of unintended pregnancy using contraception,70.70,OH,Ohio
% of women at risk of unintended pregnancy using contraception,73.80,OK,Oklahoma
% of women at risk of unintended pregnancy using contraception,79.80,OR,Oregon
% of women at risk of unintended pregnancy using contraception,83.10,PA,Pennsylvania
% of women at risk of unintended pregnancy using contraception,n/a,RI,Rhode Island
% of women at risk of unintended pregnancy using contraception,75.60,SC,South Carolina
% of women at risk of unintended pregnancy using contraception,77.90,SD,South Dakota
% of women at risk of unintended pregnancy using contraception,n/a,TN,Tennessee
% of women at risk of unintended pregnancy using contraception,69.10,TX,Texas
% of women at risk of unintended pregnancy using contraception,79.90,UT,Utah
% of women at risk of unintended pregnancy using contraception,n/a,VT,Vermont
% of women at risk of unintended pregnancy using contraception,77.90,VA,Virginia
% of women at risk of unintended pregnancy using contraception,n/a,WA,Washington
% of women at risk of unintended pregnancy using contraception,74.40,WV,West Virginia
% of women at risk of unintended pregnancy using contraception,71.10,WI,Wisconsin
% of women at risk of unintended pregnancy using contraception,79.90,WY,Wyoming
% of women at risk of unintended pregnancy relying on female sterilization,19.30,AL,Alabama
% of women at risk of unintended pregnancy relying on female sterilization,10.60,AK,Alaska
% of women at risk of unintended pregnancy relying on female sterilization,12.30,AZ,Arizona
% of women at risk of unintended pregnancy relying on female sterilization,n/a,AR,Arkansas
% of women at risk of unintended pregnancy relying on female sterilization,9.10,CA,California
% of women at risk of unintended pregnancy relying on female sterilization,n/a,CO,Colorado
% of women at risk of unintended pregnancy relying on female sterilization,7.40,CT,Connecticut
% of women at risk of unintended pregnancy relying on female sterilization,14.60,DE,Delaware
% of women at risk of unintended pregnancy relying on female sterilization,3.20,DC,District of Columbia
% of women at risk of unintended pregnancy relying on female sterilization,12.10,FL,Florida
% of women at risk of unintended pregnancy relying on female sterilization,16.60,GA,Georgia
% of women at risk of unintended pregnancy relying on female sterilization,9.30,HI,Hawaii
% of women at risk of unintended pregnancy relying on female sterilization,10.60,ID,Idaho
% of women at risk of unintended pregnancy relying on female sterilization,n/a,IL,Illinois
% of women at risk of unintended pregnancy relying on female sterilization,16.80,IN,Indiana
% of women at risk of unintended pregnancy relying on female sterilization,12.80,IA,Iowa
% of women at risk of unintended pregnancy relying on female sterilization,13.90,KS,Kansas
% of women at risk of unintended pregnancy relying on female sterilization,n/a,KY,Kentucky
% of women at risk of unintended pregnancy relying on female sterilization,15.10,LA,Louisiana
% of women at risk of unintended pregnancy relying on female sterilization,13.40,ME,Maine
% of women at risk of unintended pregnancy relying on female sterilization,7.90,MD,Maryland
% of women at risk of unintended pregnancy relying on female sterilization,8.50,MA,Massachusetts
% of women at risk of unintended pregnancy relying on female sterilization,n/a,MI,Michigan
% of women at risk of unintended pregnancy relying on female sterilization,9.60,MN,Minnesota
% of women at risk of unintended pregnancy relying on female sterilization,17.80,MS,Mississippi
% of women at risk of unintended pregnancy relying on female sterilization,19.00,MO,Missouri
% of women at risk of unintended pregnancy relying on female sterilization,n/a,MT,Montana
% of women at risk of unintended pregnancy relying on female sterilization,12.10,NE,Nebraska
% of women at risk of unintended pregnancy relying on female sterilization,13.60,NV,Nevada
% of women at risk of unintended pregnancy relying on female sterilization,n/a,NH,New Hampshire
% of women at risk of unintended pregnancy relying on female sterilization,11.40,NJ,New Jersey
% of women at risk of unintended pregnancy relying on female sterilization,16.10,NM,New Mexico
% of women at risk of unintended pregnancy relying on female sterilization,8.20,NY,New York
% of women at risk of unintended pregnancy relying on female sterilization,17.20,NC,North Carolina
% of women at risk of unintended pregnancy relying on female sterilization,n/a,ND,North Dakota
% of women at risk of unintended pregnancy relying on female sterilization,15.30,OH,Ohio
% of women at risk of unintended pregnancy relying on female sterilization,18.70,OK,Oklahoma
% of women at risk of unintended pregnancy relying on female sterilization,12.90,OR,Oregon
% of women at risk of unintended pregnancy relying on female sterilization,16.50,PA,Pennsylvania
% of women at risk of unintended pregnancy relying on female sterilization,n/a,RI,Rhode Island
% of women at risk of unintended pregnancy relying on female sterilization,16.80,SC,South Carolina
% of women at risk of unintended pregnancy relying on female sterilization,15.30,SD,South Dakota
% of women at risk of unintended pregnancy relying on female sterilization,n/a,TN,Tennessee
% of women at risk of unintended pregnancy relying on female sterilization,15.10,TX,Texas
% of women at risk of unintended pregnancy relying on female sterilization,8.10,UT,Utah
% of women at risk of unintended pregnancy relying on female sterilization,n/a,VT,Vermont
% of women at risk of unintended pregnancy relying on female sterilization,12.00,VA,Virginia
% of women at risk of unintended pregnancy relying on female sterilization,n/a,WA,Washington
% of women at risk of unintended pregnancy relying on female sterilization,27.40,WV,West Virginia
% of women at risk of unintended pregnancy relying on female sterilization,10.20,WI,Wisconsin
% of women at risk of unintended pregnancy relying on female sterilization,21.10,WY,Wyoming
% of women at risk of unintended pregnancy relying on male sterilization,4.70,AL,Alabama
% of women at risk of unintended pregnancy relying on male sterilization,n/a,AK,Alaska
% of women at risk of unintended pregnancy relying on male sterilization,4.10,AZ,Arizona
% of women at risk of unintended pregnancy relying on male sterilization,n/a,AR,Arkansas
% of women at risk of unintended pregnancy relying on male sterilization,1.30,CA,California
% of women at risk of unintended pregnancy relying on male sterilization,n/a,CO,Colorado
% of women at risk of unintended pregnancy relying on male sterilization,3.50,CT,Connecticut
% of women at risk of unintended pregnancy relying on male sterilization,n/a,DE,Delaware
% of women at risk of unintended pregnancy relying on male sterilization,n/a,DC,District of Columbia
% of women at risk of unintended pregnancy relying on male sterilization,3.10,FL,Florida
% of women at risk of unintended pregnancy relying on male sterilization,n/a,GA,Georgia
% of women at risk of unintended pregnancy relying on male sterilization,n/a,HI,Hawaii
% of women at risk of unintended pregnancy relying on male sterilization,4.80,ID,Idaho
% of women at risk of unintended pregnancy relying on male sterilization,n/a,IL,Illinois
% of women at risk of unintended pregnancy relying on male sterilization,3.90,IN,Indiana
% of women at risk of unintended pregnancy relying on male sterilization,5.10,IA,Iowa
% of women at risk of unintended pregnancy relying on male sterilization,4.30,KS,Kansas
% of women at risk of unintended pregnancy relying on male sterilization,n/a,KY,Kentucky
% of women at risk of unintended pregnancy relying on male sterilization,3.10,LA,Louisiana
% of women at risk of unintended pregnancy relying on male sterilization,,ME,Maine
% of women at risk of unintended pregnancy relying on male sterilization,3.40,MD,Maryland
% of women at risk of unintended pregnancy relying on male sterilization,n/a,MA,Massachusetts
% of women at risk of unintended pregnancy relying on male sterilization,n/a,MI,Michigan
% of women at risk of unintended pregnancy relying on male sterilization,4.00,MN,Minnesota
% of women at risk of unintended pregnancy relying on male sterilization,n/a,MS,Mississippi
% of women at risk of unintended pregnancy relying on male sterilization,4.20,MO,Missouri
% of women at risk of unintended pregnancy relying on male sterilization,n/a,MT,Montana
% of women at risk of unintended pregnancy relying on male sterilization,4.30,NE,Nebraska
% of women at risk of unintended pregnancy relying on male sterilization,3.70,NV,Nevada
% of women at risk of unintended pregnancy relying on male sterilization,n/a,NH,New Hampshire
% of women at risk of unintended pregnancy relying on male sterilization,1.80,NJ,New Jersey
% of women at risk of unintended pregnancy relying on male sterilization,2.50,NM,New Mexico
% of women at risk of unintended pregnancy relying on male sterilization,1.60,NY,New York
% of women at risk of unintended pregnancy relying on male sterilization,4.30,NC,North Carolina
% of women at risk of unintended pregnancy relying on male sterilization,n/a,ND,North Dakota
% of women at risk of unintended pregnancy relying on male sterilization,3.40,OH,Ohio
% of women at risk of unintended pregnancy relying on male sterilization,,OK,Oklahoma
% of women at risk of unintended pregnancy relying on male sterilization,2.70,OR,Oregon
% of women at risk of unintended pregnancy relying on male sterilization,2.80,PA,Pennsylvania
% of women at risk of unintended pregnancy relying on male sterilization,n/a,RI,Rhode Island
% of women at risk of unintended pregnancy relying on male sterilization,3.50,SC,South Carolina
% of women at risk of unintended pregnancy relying on male sterilization,3.80,SD,South Dakota
% of women at risk of unintended pregnancy relying on male sterilization,n/a,TN,Tennessee
% of women at risk of unintended pregnancy relying on male sterilization,,TX,Texas
% of women at risk of unintended pregnancy relying on male sterilization,5.00,UT,Utah
% of women at risk of unintended pregnancy relying on male sterilization,n/a,VT,Vermont
% of women at risk of unintended pregnancy relying on male sterilization,2.70,VA,Virginia
% of women at risk of unintended pregnancy relying on male sterilization,n/a,WA,Washington
% of women at risk of unintended pregnancy relying on male sterilization,4.90,WV,West Virginia
% of women at risk of unintended pregnancy relying on male sterilization,5.70,WI,Wisconsin
% of women at risk of unintended pregnancy relying on male sterilization,4.10,WY,Wyoming
% of women at risk of unintended pregnancy relying on the contraceptive implant,n/a,AL,Alabama
% of women at risk of unintended pregnancy relying on the contraceptive implant,n/a,AK,Alaska
% of women at risk of unintended pregnancy relying on the contraceptive implant,2.20,AZ,Arizona
% of women at risk of unintended pregnancy relying on the contraceptive implant,n/a,AR,Arkansas
% of women at risk of unintended pregnancy relying on the contraceptive implant,3.50,CA,California
% of women at risk of unintended pregnancy relying on the contraceptive implant,n/a,CO,Colorado
% of women at risk of unintended pregnancy relying on the contraceptive implant,2.40,CT,Connecticut
% of women at risk of unintended pregnancy relying on the contraceptive implant,6.40,DE,Delaware
% of women at risk of unintended pregnancy relying on the contraceptive implant,n/a,DC,District of Columbia
% of women at risk of unintended pregnancy relying on the contraceptive implant,5.00,FL,Florida
% of women at risk of unintended pregnancy relying on the contraceptive implant,n/a,GA,Georgia
% of women at risk of unintended pregnancy relying on the contraceptive implant,4.40,HI,Hawaii
% of women at risk of unintended pregnancy relying on the contraceptive implant,n/a,ID,Idaho
% of women at risk of unintended pregnancy relying on the contraceptive implant,n/a,IL,Illinois
% of women at risk of unintended pregnancy relying on the contraceptive implant,n/a,IN,Indiana
% of women at risk of unintended pregnancy relying on the contraceptive implant,5.20,IA,Iowa
% of women at risk of unintended pregnancy relying on the contraceptive implant,2.60,KS,Kansas
% of women at risk of unintended pregnancy relying on the contraceptive implant,n/a,KY,Kentucky
% of women at risk of unintended pregnancy relying on the contraceptive implant,n/a,LA,Louisiana
% of women at risk of unintended pregnancy relying on the contraceptive implant,n/a,ME,Maine
% of women at risk of unintended pregnancy relying on the contraceptive implant,n/a,MD,Maryland
% of women at risk of unintended pregnancy relying on the contraceptive implant,n/a,MA,Massachusetts
% of women at risk of unintended pregnancy relying on the contraceptive implant,n/a,MI,Michigan
% of women at risk of unintended pregnancy relying on the contraceptive implant,5.00,MN,Minnesota
% of women at risk of unintended pregnancy relying on the contraceptive implant,n/a,MS,Mississippi
% of women at risk of unintended pregnancy relying on the contraceptive implant,2.90,MO,Missouri
% of women at risk of unintended pregnancy relying on the contraceptive implant,n/a,MT,Montana
% of women at risk of unintended pregnancy relying on the contraceptive implant,3.50,NE,Nebraska
% of women at risk of unintended pregnancy relying on the contraceptive implant,,NV,Nevada
% of women at risk of unintended pregnancy relying on the contraceptive implant,n/a,NH,New Hampshire
% of women at risk of unintended pregnancy relying on the contraceptive implant,2.60,NJ,New Jersey
% of women at risk of unintended pregnancy relying on the contraceptive implant,8.00,NM,New Mexico
% of women at risk of unintended pregnancy relying on the contraceptive implant,n/a,NY,New York
% of women at risk of unintended pregnancy relying on the contraceptive implant,n/a,NC,North Carolina
% of women at risk of unintended pregnancy relying on the contraceptive implant,n/a,ND,North Dakota
% of women at risk of unintended pregnancy relying on the contraceptive implant,4.10,OH,Ohio
% of women at risk of unintended pregnancy relying on the contraceptive implant,n/a,OK,Oklahoma
% of women at risk of unintended pregnancy relying on the contraceptive implant,n/a,OR,Oregon
% of women at risk of unintended pregnancy relying on the contraceptive implant,n/a,PA,Pennsylvania
% of women at risk of unintended pregnancy relying on the contraceptive implant,n/a,RI,Rhode Island
% of women at risk of unintended pregnancy relying on the contraceptive implant,2.20,SC,South Carolina
% of women at risk of unintended pregnancy relying on the contraceptive implant,n/a,SD,South Dakota
% of women at risk of unintended pregnancy relying on the contraceptive implant,n/a,TN,Tennessee
% of women at risk of unintended pregnancy relying on the contraceptive implant,n/a,TX,Texas
% of women at risk of unintended pregnancy relying on the contraceptive implant,n/a,UT,Utah
% of women at risk of unintended pregnancy relying on the contraceptive implant,n/a,VT,Vermont
% of women at risk of unintended pregnancy relying on the contraceptive implant,n/a,VA,Virginia
% of women at risk of unintended pregnancy relying on the contraceptive implant,n/a,WA,Washington
% of women at risk of unintended pregnancy relying on the contraceptive implant,n/a,WV,West Virginia
% of women at risk of unintended pregnancy relying on the contraceptive implant,n/a,WI,Wisconsin
% of women at risk of unintended pregnancy relying on the contraceptive implant,4.90,WY,Wyoming
% of women at risk of unintended pregnancy relying on the IUD,5.40,AL,Alabama
% of women at risk of unintended pregnancy relying on the IUD,20.60,AK,Alaska
% of women at risk of unintended pregnancy relying on the IUD,9.30,AZ,Arizona
% of women at risk of unintended pregnancy relying on the IUD,n/a,AR,Arkansas
% of women at risk of unintended pregnancy relying on the IUD,9.40,CA,California
% of women at risk of unintended pregnancy relying on the IUD,n/a,CO,Colorado
% of women at risk of unintended pregnancy relying on the IUD,8.40,CT,Connecticut
% of women at risk of unintended pregnancy relying on the IUD,6.70,DE,Delaware
% of women at risk of unintended pregnancy relying on the IUD,9.20,DC,District of Columbia
% of women at risk of unintended pregnancy relying on the IUD,7.60,FL,Florida
% of women at risk of unintended pregnancy relying on the IUD,6.60,GA,Georgia
% of women at risk of unintended pregnancy relying on the IUD,8.30,HI,Hawaii
% of women at risk of unintended pregnancy relying on the IUD,18.10,ID,Idaho
% of women at risk of unintended pregnancy relying on the IUD,n/a,IL,Illinois
% of women at risk of unintended pregnancy relying on the IUD,10.10,IN,Indiana
% of women at risk of unintended pregnancy relying on the IUD,10.40,IA,Iowa
% of women at risk of unintended pregnancy relying on the IUD,9.80,KS,Kansas
% of women at risk of unintended pregnancy relying on the IUD,n/a,KY,Kentucky
% of women at risk of unintended pregnancy relying on the IUD,4.50,LA,Louisiana
% of women at risk of unintended pregnancy relying on the IUD,24.00,ME,Maine
% of women at risk of unintended pregnancy relying on the IUD,11.30,MD,Maryland
% of women at risk of unintended pregnancy relying on the IUD,12.00,MA,Massachusetts
% of women at risk of unintended pregnancy relying on the IUD,n/a,MI,Michigan
% of women at risk of unintended pregnancy relying on the IUD,11.70,MN,Minnesota
% of women at risk of unintended pregnancy relying on the IUD,7.10,MS,Mississippi
% of women at risk of unintended pregnancy relying on the IUD,7.80,MO,Missouri
% of women at risk of unintended pregnancy relying on the IUD,n/a,MT,Montana
% of women at risk of unintended pregnancy relying on the IUD,8.00,NE,Nebraska
% of women at risk of unintended pregnancy relying on the IUD,13.20,NV,Nevada
% of women at risk of unintended pregnancy relying on the IUD,n/a,NH,New Hampshire
% of women at risk of unintended pregnancy relying on the IUD,7.80,NJ,New Jersey
% of women at risk of unintended pregnancy relying on the IUD,15.30,NM,New Mexico
% of women at risk of unintended pregnancy relying on the IUD,10.20,NY,New York
% of women at risk of unintended pregnancy relying on the IUD,9.50,NC,North Carolina
% of women at risk of unintended pregnancy relying on the IUD,n/a,ND,North Dakota
% of women at risk of unintended pregnancy relying on the IUD,8.30,OH,Ohio
% of women at risk of unintended pregnancy relying on the IUD,9.00,OK,Oklahoma
% of women at risk of unintended pregnancy relying on the IUD,19.90,OR,Oregon
% of women at risk of unintended pregnancy relying on the IUD,9.10,PA,Pennsylvania
% of women at risk of unintended pregnancy relying on the IUD,n/a,RI,Rhode Island
% of women at risk of unintended pregnancy relying on the IUD,7.00,SC,South Carolina
% of women at risk of unintended pregnancy relying on the IUD,9.90,SD,South Dakota
% of women at risk of unintended pregnancy relying on the IUD,n/a,TN,Tennessee
% of women at risk of unintended pregnancy relying on the IUD,6.20,TX,Texas
% of women at risk of unintended pregnancy relying on the IUD,21.40,UT,Utah
% of women at risk of unintended pregnancy relying on the IUD,n/a,VT,Vermont
% of women at risk of unintended pregnancy relying on the IUD,10.40,VA,Virginia
% of women at risk of unintended pregnancy relying on the IUD,n/a,WA,Washington
% of women at risk of unintended pregnancy relying on the IUD,8.70,WV,West Virginia
% of women at risk of unintended pregnancy relying on the IUD,10.60,WI,Wisconsin
% of women at risk of unintended pregnancy relying on the IUD,11.70,WY,Wyoming
% of women at risk of unintended pregnancy relying on the pill,20.60,AL,Alabama
% of women at risk of unintended pregnancy relying on the pill,10.20,AK,Alaska
% of women at risk of unintended pregnancy relying on the pill,14.70,AZ,Arizona
% of women at risk of unintended pregnancy relying on the pill,n/a,AR,Arkansas
% of women at risk of unintended pregnancy relying on the pill,19.70,CA,California
% of women at risk of unintended pregnancy relying on the pill,n/a,CO,Colorado
% of women at risk of unintended pregnancy relying on the pill,21.90,CT,Connecticut
% of women at risk of unintended pregnancy relying on the pill,13.40,DE,Delaware
% of women at risk of unintended pregnancy relying on the pill,13.50,DC,District of Columbia
% of women at risk of unintended pregnancy relying on the pill,15.70,FL,Florida
% of women at risk of unintended pregnancy relying on the pill,12.80,GA,Georgia
% of women at risk of unintended pregnancy relying on the pill,20.10,HI,Hawaii
% of women at risk of unintended pregnancy relying on the pill,17.70,ID,Idaho
% of women at risk of unintended pregnancy relying on the pill,n/a,IL,Illinois
% of women at risk of unintended pregnancy relying on the pill,17.20,IN,Indiana
% of women at risk of unintended pregnancy relying on the pill,22.70,IA,Iowa
% of women at risk of unintended pregnancy relying on the pill,19.20,KS,Kansas
% of women at risk of unintended pregnancy relying on the pill,n/a,KY,Kentucky
% of women at risk of unintended pregnancy relying on the pill,17.90,LA,Louisiana
% of women at risk of unintended pregnancy relying on the pill,19.00,ME,Maine
% of women at risk of unintended pregnancy relying on the pill,18.80,MD,Maryland
% of women at risk of unintended pregnancy relying on the pill,25.40,MA,Massachusetts
% of women at risk of unintended pregnancy relying on the pill,n/a,MI,Michigan
% of women at risk of unintended pregnancy relying on the pill,19.50,MN,Minnesota
% of women at risk of unintended pregnancy relying on the pill,14.20,MS,Mississippi
% of women at risk of unintended pregnancy relying on the pill,17.10,MO,Missouri
% of women at risk of unintended pregnancy relying on the pill,n/a,MT,Montana
% of women at risk of unintended pregnancy relying on the pill,18.20,NE,Nebraska
% of women at risk of unintended pregnancy relying on the pill,13.80,NV,Nevada
% of women at risk of unintended pregnancy relying on the pill,n/a,NH,New Hampshire
% of women at risk of unintended pregnancy relying on the pill,16.70,NJ,New Jersey
% of women at risk of unintended pregnancy relying on the pill,13.60,NM,New Mexico
% of women at risk of unintended pregnancy relying on the pill,14.70,NY,New York
% of women at risk of unintended pregnancy relying on the pill,17.30,NC,North Carolina
% of women at risk of unintended pregnancy relying on the pill,n/a,ND,North Dakota
% of women at risk of unintended pregnancy relying on the pill,14.20,OH,Ohio
% of women at risk of unintended pregnancy relying on the pill,21.50,OK,Oklahoma
% of women at risk of unintended pregnancy relying on the pill,16.90,OR,Oregon
% of women at risk of unintended pregnancy relying on the pill,21.20,PA,Pennsylvania
% of women at risk of unintended pregnancy relying on the pill,n/a,RI,Rhode Island
% of women at risk of unintended pregnancy relying on the pill,17.00,SC,South Carolina
% of women at risk of unintended pregnancy relying on the pill,23.30,SD,South Dakota
% of women at risk of unintended pregnancy relying on the pill,n/a,TN,Tennessee
% of women at risk of unintended pregnancy relying on the pill,13.20,TX,Texas
% of women at risk of unintended pregnancy relying on the pill,17.10,UT,Utah
% of women at risk of unintended pregnancy relying on the pill,n/a,VT,Vermont
% of women at risk of unintended pregnancy relying on the pill,18.00,VA,Virginia
% of women at risk of unintended pregnancy relying on the pill,n/a,WA,Washington
% of women at risk of unintended pregnancy relying on the pill,14.70,WV,West Virginia
% of women at risk of unintended pregnancy relying on the pill,18.90,WI,Wisconsin
% of women at risk of unintended pregnancy relying on the pill,16.90,WY,Wyoming
% of women at risk of unintended pregnancy relying on other non-LARC hormonal methods,n/a,AL,Alabama
% of women at risk of unintended pregnancy relying on other non-LARC hormonal methods,n/a,AK,Alaska
% of women at risk of unintended pregnancy relying on other non-LARC hormonal methods,n/a,AZ,Arizona
% of women at risk of unintended pregnancy relying on other non-LARC hormonal methods,n/a,AR,Arkansas
% of women at risk of unintended pregnancy relying on other non-LARC hormonal methods,3.10,CA,California
% of women at risk of unintended pregnancy relying on other non-LARC hormonal methods,n/a,CO,Colorado
% of women at risk of unintended pregnancy relying on other non-LARC hormonal methods,1.50,CT,Connecticut
% of women at risk of unintended pregnancy relying on other non-LARC hormonal methods,n/a,DE,Delaware
% of women at risk of unintended pregnancy relying on other non-LARC hormonal methods,n/a,DC,District of Columbia
% of women at risk of unintended pregnancy relying on other non-LARC hormonal methods,1.70,FL,Florida
% of women at risk of unintended pregnancy relying on other non-LARC hormonal methods,n/a,GA,Georgia
% of women at risk of unintended pregnancy relying on other non-LARC hormonal methods,3.90,HI,Hawaii
% of women at risk of unintended pregnancy relying on other non-LARC hormonal methods,n/a,ID,Idaho
% of women at risk of unintended pregnancy relying on other non-LARC hormonal methods,n/a,IL,Illinois
% of women at risk of unintended pregnancy relying on other non-LARC hormonal methods,2.50,IN,Indiana
% of women at risk of unintended pregnancy relying on other non-LARC hormonal methods,4.70,IA,Iowa
% of women at risk of unintended pregnancy relying on other non-LARC hormonal methods,2.80,KS,Kansas
% of women at risk of unintended pregnancy relying on other non-LARC hormonal methods,n/a,KY,Kentucky
% of women at risk of unintended pregnancy relying on other non-LARC hormonal methods,n/a,LA,Louisiana
% of women at risk of unintended pregnancy relying on other non-LARC hormonal methods,n/a,ME,Maine
% of women at risk of unintended pregnancy relying on other non-LARC hormonal methods,2.10,MD,Maryland
% of women at risk of unintended pregnancy relying on other non-LARC hormonal methods,n/a,MA,Massachusetts
% of women at risk of unintended pregnancy relying on other non-LARC hormonal methods,n/a,MI,Michigan
% of women at risk of unintended pregnancy relying on other non-LARC hormonal methods,1.50,MN,Minnesota
% of women at risk of unintended pregnancy relying on other non-LARC hormonal methods,n/a,MS,Mississippi
% of women at risk of unintended pregnancy relying on other non-LARC hormonal methods,n/a,MO,Missouri
% of women at risk of unintended pregnancy relying on other non-LARC hormonal methods,n/a,MT,Montana
% of women at risk of unintended pregnancy relying on other non-LARC hormonal methods,n/a,NE,Nebraska
% of women at risk of unintended pregnancy relying on other non-LARC hormonal methods,n/a,NV,Nevada
% of women at risk of unintended pregnancy relying on other non-LARC hormonal methods,n/a,NH,New Hampshire
% of women at risk of unintended pregnancy relying on other non-LARC hormonal methods,2.10,NJ,New Jersey
% of women at risk of unintended pregnancy relying on other non-LARC hormonal methods,3.40,NM,New Mexico
% of women at risk of unintended pregnancy relying on other non-LARC hormonal methods,3.10,NY,New York
% of women at risk of unintended pregnancy relying on other non-LARC hormonal methods,3.60,NC,North Carolina
% of women at risk of unintended pregnancy relying on other non-LARC hormonal methods,n/a,ND,North Dakota
% of women at risk of unintended pregnancy relying on other non-LARC hormonal methods,3.60,OH,Ohio
% of women at risk of unintended pregnancy relying on other non-LARC hormonal methods,n/a,OK,Oklahoma
% of women at risk of unintended pregnancy relying on other non-LARC hormonal methods,n/a,OR,Oregon
% of women at risk of unintended pregnancy relying on other non-LARC hormonal methods,5.70,PA,Pennsylvania
% of women at risk of unintended pregnancy relying on other non-LARC hormonal methods,n/a,RI,Rhode Island
% of women at risk of unintended pregnancy relying on other non-LARC hormonal methods,3.00,SC,South Carolina
% of women at risk of unintended pregnancy relying on other non-LARC hormonal methods,n/a,SD,South Dakota
% of women at risk of unintended pregnancy relying on other non-LARC hormonal methods,n/a,TN,Tennessee
% of women at risk of unintended pregnancy relying on other non-LARC hormonal methods,n/a,TX,Texas
% of women at risk of unintended pregnancy relying on other non-LARC hormonal methods,3.10,UT,Utah
% of women at risk of unintended pregnancy relying on other non-LARC hormonal methods,n/a,VT,Vermont
% of women at risk of unintended pregnancy relying on other non-LARC hormonal methods,2.90,VA,Virginia
% of women at risk of unintended pregnancy relying on other non-LARC hormonal methods,n/a,WA,Washington
% of women at risk of unintended pregnancy relying on other non-LARC hormonal methods,n/a,WV,West Virginia
% of women at risk of unintended pregnancy relying on other non-LARC hormonal methods,5.90,WI,Wisconsin
% of women at risk of unintended pregnancy relying on other non-LARC hormonal methods,4.00,WY,Wyoming
% of women at risk of unintended pregnancy relying on condoms,17.10,AL,Alabama
% of women at risk of unintended pregnancy relying on condoms,24.20,AK,Alaska
% of women at risk of unintended pregnancy relying on condoms,16.50,AZ,Arizona
% of women at risk of unintended pregnancy relying on condoms,n/a,AR,Arkansas
% of women at risk of unintended pregnancy relying on condoms,22.70,CA,California
% of women at risk of unintended pregnancy relying on condoms,n/a,CO,Colorado
% of women at risk of unintended pregnancy relying on condoms,20.60,CT,Connecticut
% of women at risk of unintended pregnancy relying on condoms,14.00,DE,Delaware
% of women at risk of unintended pregnancy relying on condoms,28.90,DC,District of Columbia
% of women at risk of unintended pregnancy relying on condoms,20.30,FL,Florida
% of women at risk of unintended pregnancy relying on condoms,18.40,GA,Georgia
% of women at risk of unintended pregnancy relying on condoms,14.20,HI,Hawaii
% of women at risk of unintended pregnancy relying on condoms,15.20,ID,Idaho
% of women at risk of unintended pregnancy relying on condoms,n/a,IL,Illinois
% of women at risk of unintended pregnancy relying on condoms,17.30,IN,Indiana
% of women at risk of unintended pregnancy relying on condoms,13.80,IA,Iowa
% of women at risk of unintended pregnancy relying on condoms,17.50,KS,Kansas
% of women at risk of unintended pregnancy relying on condoms,n/a,KY,Kentucky
% of women at risk of unintended pregnancy relying on condoms,22.70,LA,Louisiana
% of women at risk of unintended pregnancy relying on condoms,13.10,ME,Maine
% of women at risk of unintended pregnancy relying on condoms,23.30,MD,Maryland
% of women at risk of unintended pregnancy relying on condoms,15.30,MA,Massachusetts
% of women at risk of unintended pregnancy relying on condoms,n/a,MI,Michigan
% of women at risk of unintended pregnancy relying on condoms,14.80,MN,Minnesota
% of women at risk of unintended pregnancy relying on condoms,18.40,MS,Mississippi
% of women at risk of unintended pregnancy relying on condoms,17.20,MO,Missouri
% of women at risk of unintended pregnancy relying on condoms,n/a,MT,Montana
% of women at risk of unintended pregnancy relying on condoms,16.50,NE,Nebraska
% of women at risk of unintended pregnancy relying on condoms,14.30,NV,Nevada
% of women at risk of unintended pregnancy relying on condoms,n/a,NH,New Hampshire
% of women at risk of unintended pregnancy relying on condoms,23.60,NJ,New Jersey
% of women at risk of unintended pregnancy relying on condoms,15.90,NM,New Mexico
% of women at risk of unintended pregnancy relying on condoms,24.60,NY,New York
% of women at risk of unintended pregnancy relying on condoms,15.30,NC,North Carolina
% of women at risk of unintended pregnancy relying on condoms,n/a,ND,North Dakota
% of women at risk of unintended pregnancy relying on condoms,15.20,OH,Ohio
% of women at risk of unintended pregnancy relying on condoms,12.90,OK,Oklahoma
% of women at risk of unintended pregnancy relying on condoms,14.50,OR,Oregon
% of women at risk of unintended pregnancy relying on condoms,20.30,PA,Pennsylvania
% of women at risk of unintended pregnancy relying on condoms,n/a,RI,Rhode Island
% of women at risk of unintended pregnancy relying on condoms,21.00,SC,South Carolina
% of women at risk of unintended pregnancy relying on condoms,17.90,SD,South Dakota
% of women at risk of unintended pregnancy relying on condoms,n/a,TN,Tennessee
% of women at risk of unintended pregnancy relying on condoms,20.30,TX,Texas
% of women at risk of unintended pregnancy relying on condoms,18.20,UT,Utah
% of women at risk of unintended pregnancy relying on condoms,n/a,VT,Vermont
% of women at risk of unintended pregnancy relying on condoms,20.30,VA,Virginia
% of women at risk of unintended pregnancy relying on condoms,n/a,WA,Washington
% of women at risk of unintended pregnancy relying on condoms,10.10,WV,West Virginia
% of women at risk of unintended pregnancy relying on condoms,14.80,WI,Wisconsin
% of women at risk of unintended pregnancy relying on condoms,12.50,WY,Wyoming
% of women at risk of unintended pregnancy relying on withdrawal,n/a,AL,Alabama
% of women at risk of unintended pregnancy relying on withdrawal,n/a,AK,Alaska
% of women at risk of unintended pregnancy relying on withdrawal,1.10,AZ,Arizona
% of women at risk of unintended pregnancy relying on withdrawal,n/a,AR,Arkansas
% of women at risk of unintended pregnancy relying on withdrawal,2.30,CA,California
% of women at risk of unintended pregnancy relying on withdrawal,n/a,CO,Colorado
% of women at risk of unintended pregnancy relying on withdrawal,n/a,CT,Connecticut
% of women at risk of unintended pregnancy relying on withdrawal,n/a,DE,Delaware
% of women at risk of unintended pregnancy relying on withdrawal,2.90,DC,District of Columbia
% of women at risk of unintended pregnancy relying on withdrawal,0.80,FL,Florida
% of women at risk of unintended pregnancy relying on withdrawal,n/a,GA,Georgia
% of women at risk of unintended pregnancy relying on withdrawal,2.00,HI,Hawaii
% of women at risk of unintended pregnancy relying on withdrawal,n/a,ID,Idaho
% of women at risk of unintended pregnancy relying on withdrawal,n/a,IL,Illinois
% of women at risk of unintended pregnancy relying on withdrawal,1.60,IN,Indiana
% of women at risk of unintended pregnancy relying on withdrawal,n/a,IA,Iowa
% of women at risk of unintended pregnancy relying on withdrawal,n/a,KS,Kansas
% of women at risk of unintended pregnancy relying on withdrawal,n/a,KY,Kentucky
% of women at risk of unintended pregnancy relying on withdrawal,n/a,LA,Louisiana
% of women at risk of unintended pregnancy relying on withdrawal,n/a,ME,Maine
% of women at risk of unintended pregnancy relying on withdrawal,n/a,MD,Maryland
% of women at risk of unintended pregnancy relying on withdrawal,n/a,MA,Massachusetts
% of women at risk of unintended pregnancy relying on withdrawal,n/a,MI,Michigan
% of women at risk of unintended pregnancy relying on withdrawal,1.50,MN,Minnesota
% of women at risk of unintended pregnancy relying on withdrawal,n/a,MS,Mississippi
% of women at risk of unintended pregnancy relying on withdrawal,n/a,MO,Missouri
% of women at risk of unintended pregnancy relying on withdrawal,n/a,MT,Montana
% of women at risk of unintended pregnancy relying on withdrawal,n/a,NE,Nebraska
% of women at risk of unintended pregnancy relying on withdrawal,n/a,NV,Nevada
% of women at risk of unintended pregnancy relying on withdrawal,n/a,NH,New Hampshire
% of women at risk of unintended pregnancy relying on withdrawal,n/a,NJ,New Jersey
% of women at risk of unintended pregnancy relying on withdrawal,n/a,NM,New Mexico
% of women at risk of unintended pregnancy relying on withdrawal,3.10,NY,New York
% of women at risk of unintended pregnancy relying on withdrawal,n/a,NC,North Carolina
% of women at risk of unintended pregnancy relying on withdrawal,n/a,ND,North Dakota
% of women at risk of unintended pregnancy relying on withdrawal,n/a,OH,Ohio
% of women at risk of unintended pregnancy relying on withdrawal,n/a,OK,Oklahoma
% of women at risk of unintended pregnancy relying on withdrawal,1.70,OR,Oregon
% of women at risk of unintended pregnancy relying on withdrawal,n/a,PA,Pennsylvania
% of women at risk of unintended pregnancy relying on withdrawal,n/a,RI,Rhode Island
% of women at risk of unintended pregnancy relying on withdrawal,1.80,SC,South Carolina
% of women at risk of unintended pregnancy relying on withdrawal,n/a,SD,South Dakota
% of women at risk of unintended pregnancy relying on withdrawal,n/a,TN,Tennessee
% of women at risk of unintended pregnancy relying on withdrawal,n/a,TX,Texas
% of women at risk of unintended pregnancy relying on withdrawal,n/a,UT,Utah
% of women at risk of unintended pregnancy relying on withdrawal,n/a,VT,Vermont
% of women at risk of unintended pregnancy relying on withdrawal,n/a,VA,Virginia
% of women at risk of unintended pregnancy relying on withdrawal,n/a,WA,Washington
% of women at risk of unintended pregnancy relying on withdrawal,n/a,WV,West Virginia
% of women at risk of unintended pregnancy relying on withdrawal,n/a,WI,Wisconsin
% of women at risk of unintended pregnancy relying on withdrawal,n/a,WY,Wyoming
% of women at risk of unintended pregnancy relying on other methods of contraception,4.20,AL,Alabama
% of women at risk of unintended pregnancy relying on other methods of contraception,n/a,AK,Alaska
% of women at risk of unintended pregnancy relying on other methods of contraception,6.30,AZ,Arizona
% of women at risk of unintended pregnancy relying on other methods of contraception,n/a,AR,Arkansas
% of women at risk of unintended pregnancy relying on other methods of contraception,5.40,CA,California
% of women at risk of unintended pregnancy relying on other methods of contraception,n/a,CO,Colorado
% of women at risk of unintended pregnancy relying on other methods of contraception,6.10,CT,Connecticut
% of women at risk of unintended pregnancy relying on other methods of contraception,6.10,DE,Delaware
% of women at risk of unintended pregnancy relying on other methods of contraception,8.60,DC,District of Columbia
% of women at risk of unintended pregnancy relying on other methods of contraception,6.30,FL,Florida
% of women at risk of unintended pregnancy relying on other methods of contraception,7.10,GA,Georgia
% of women at risk of unintended pregnancy relying on other methods of contraception,5.60,HI,Hawaii
% of women at risk of unintended pregnancy relying on other methods of contraception,7.30,ID,Idaho
% of women at risk of unintended pregnancy relying on other methods of contraception,n/a,IL,Illinois
% of women at risk of unintended pregnancy relying on other methods of contraception,5.60,IN,Indiana
% of women at risk of unintended pregnancy relying on other methods of contraception,3.20,IA,Iowa
% of women at risk of unintended pregnancy relying on other methods of contraception,4.30,KS,Kansas
% of women at risk of unintended pregnancy relying on other methods of contraception,n/a,KY,Kentucky
% of women at risk of unintended pregnancy relying on other methods of contraception,3.70,LA,Louisiana
% of women at risk of unintended pregnancy relying on other methods of contraception,n/a,ME,Maine
% of women at risk of unintended pregnancy relying on other methods of contraception,5.60,MD,Maryland
% of women at risk of unintended pregnancy relying on other methods of contraception,7.00,MA,Massachusetts
% of women at risk of unintended pregnancy relying on other methods of contraception,n/a,MI,Michigan
% of women at risk of unintended pregnancy relying on other methods of contraception,6.20,MN,Minnesota
% of women at risk of unintended pregnancy relying on other methods of contraception,n/a,MS,Mississippi
% of women at risk of unintended pregnancy relying on other methods of contraception,5.90,MO,Missouri
% of women at risk of unintended pregnancy relying on other methods of contraception,n/a,MT,Montana
% of women at risk of unintended pregnancy relying on other methods of contraception,5.50,NE,Nebraska
% of women at risk of unintended pregnancy relying on other methods of contraception,n/a,NV,Nevada
% of women at risk of unintended pregnancy relying on other methods of contraception,n/a,NH,New Hampshire
% of women at risk of unintended pregnancy relying on other methods of contraception,4.20,NJ,New Jersey
% of women at risk of unintended pregnancy relying on other methods of contraception,4.20,NM,New Mexico
% of women at risk of unintended pregnancy relying on other methods of contraception,8.10,NY,New York
% of women at risk of unintended pregnancy relying on other methods of contraception,n/a,NC,North Carolina
% of women at risk of unintended pregnancy relying on other methods of contraception,n/a,ND,North Dakota
% of women at risk of unintended pregnancy relying on other methods of contraception,5.00,OH,Ohio
% of women at risk of unintended pregnancy relying on other methods of contraception,n/a,OK,Oklahoma
% of women at risk of unintended pregnancy relying on other methods of contraception,7.70,OR,Oregon
% of women at risk of unintended pregnancy relying on other methods of contraception,4.00,PA,Pennsylvania
% of women at risk of unintended pregnancy relying on other methods of contraception,n/a,RI,Rhode Island
% of women at risk of unintended pregnancy relying on other methods of contraception,3.40,SC,South Carolina
% of women at risk of unintended pregnancy relying on other methods of contraception,n/a,SD,South Dakota
% of women at risk of unintended pregnancy relying on other methods of contraception,n/a,TN,Tennessee
% of women at risk of unintended pregnancy relying on other methods of contraception,4.80,TX,Texas
% of women at risk of unintended pregnancy relying on other methods of contraception,4.40,UT,Utah
% of women at risk of unintended pregnancy relying on other methods of contraception,n/a,VT,Vermont
% of women at risk of unintended pregnancy relying on other methods of contraception,5.80,VA,Virginia
% of women at risk of unintended pregnancy relying on other methods of contraception,n/a,WA,Washington
% of women at risk of unintended pregnancy relying on other methods of contraception,4.10,WV,West Virginia
% of women at risk of unintended pregnancy relying on other methods of contraception,n/a,WI,Wisconsin
% of women at risk of unintended pregnancy relying on other methods of contraception,n/a,WY,Wyoming
% of women at risk of unintended pregnancy not using a contraceptive method,24.10,AL,Alabama
% of women at risk of unintended pregnancy not using a contraceptive method,17.30,AK,Alaska
% of women at risk of unintended pregnancy not using a contraceptive method,32.60,AZ,Arizona
% of women at risk of unintended pregnancy not using a contraceptive method,n/a,AR,Arkansas
% of women at risk of unintended pregnancy not using a contraceptive method,23.40,CA,California
% of women at risk of unintended pregnancy not using a contraceptive method,n/a,CO,Colorado
% of women at risk of unintended pregnancy not using a contraceptive method,27.20,CT,Connecticut
% of women at risk of unintended pregnancy not using a contraceptive method,33.80,DE,Delaware
% of women at risk of unintended pregnancy not using a contraceptive method,28.90,DC,District of Columbia
% of women at risk of unintended pregnancy not using a contraceptive method,27.40,FL,Florida
% of women at risk of unintended pregnancy not using a contraceptive method,31.50,GA,Georgia
% of women at risk of unintended pregnancy not using a contraceptive method,30.80,HI,Hawaii
% of women at risk of unintended pregnancy not using a contraceptive method,22.50,ID,Idaho
% of women at risk of unintended pregnancy not using a contraceptive method,n/a,IL,Illinois
% of women at risk of unintended pregnancy not using a contraceptive method,23.30,IN,Indiana
% of women at risk of unintended pregnancy not using a contraceptive method,21.40,IA,Iowa
% of women at risk of unintended pregnancy not using a contraceptive method,24.40,KS,Kansas
% of women at risk of unintended pregnancy not using a contraceptive method,n/a,KY,Kentucky
% of women at risk of unintended pregnancy not using a contraceptive method,28.60,LA,Louisiana
% of women at risk of unintended pregnancy not using a contraceptive method,15.90,ME,Maine
% of women at risk of unintended pregnancy not using a contraceptive method,25.60,MD,Maryland
% of women at risk of unintended pregnancy not using a contraceptive method,21.80,MA,Massachusetts
% of women at risk of unintended pregnancy not using a contraceptive method,n/a,MI,Michigan
% of women at risk of unintended pregnancy not using a contraceptive method,26.30,MN,Minnesota
% of women at risk of unintended pregnancy not using a contraceptive method,28.10,MS,Mississippi
% of women at risk of unintended pregnancy not using a contraceptive method,24.90,MO,Missouri
% of women at risk of unintended pregnancy not using a contraceptive method,n/a,MT,Montana
% of women at risk of unintended pregnancy not using a contraceptive method,28.50,NE,Nebraska
% of women at risk of unintended pregnancy not using a contraceptive method,25.50,NV,Nevada
% of women at risk of unintended pregnancy not using a contraceptive method,n/a,NH,New Hampshire
% of women at risk of unintended pregnancy not using a contraceptive method,27.90,NJ,New Jersey
% of women at risk of unintended pregnancy not using a contraceptive method,19.60,NM,New Mexico
% of women at risk of unintended pregnancy not using a contraceptive method,24.40,NY,New York
% of women at risk of unintended pregnancy not using a contraceptive method,22.80,NC,North Carolina
% of women at risk of unintended pregnancy not using a contraceptive method,n/a,ND,North Dakota
% of women at risk of unintended pregnancy not using a contraceptive method,29.30,OH,Ohio
% of women at risk of unintended pregnancy not using a contraceptive method,26.20,OK,Oklahoma
% of women at risk of unintended pregnancy not using a contraceptive method,20.20,OR,Oregon
% of women at risk of unintended pregnancy not using a contraceptive method,16.90,PA,Pennsylvania
% of women at risk of unintended pregnancy not using a contraceptive method,n/a,RI,Rhode Island
% of women at risk of unintended pregnancy not using a contraceptive method,24.40,SC,South Carolina
% of women at risk of unintended pregnancy not using a contraceptive method,22.10,SD,South Dakota
% of women at risk of unintended pregnancy not using a contraceptive method,n/a,TN,Tennessee
% of women at risk of unintended pregnancy not using a contraceptive method,30.90,TX,Texas
% of women at risk of unintended pregnancy not using a contraceptive method,20.10,UT,Utah
% of women at risk of unintended pregnancy not using a contraceptive method,n/a,VT,Vermont
% of women at risk of unintended pregnancy not using a contraceptive method,22.10,VA,Virginia
% of women at risk of unintended pregnancy not using a contraceptive method,n/a,WA,Washington
% of women at risk of unintended pregnancy not using a contraceptive method,25.60,WV,West Virginia
% of women at risk of unintended pregnancy not using a contraceptive method,28.90,WI,Wisconsin
% of women at risk of unintended pregnancy not using a contraceptive method,20.10,WY,Wyoming
